id,config,configLastChangedAt,endedReason,endedReasonLastChangedAt,initialized,initializedLastChangedAt,lobbyConfig,lobbyConfigLastChangedAt,status,statusLastChangedAt
01JHC4AT557QD7EDNVYVHWGE19,"{""kind"":""simple"",""config"":{""treatments"":[{""name"":""Two Players"",""desc"":""Two-player Game"",""factors"":{""playerCount"":2}},{""name"":""Solo"",""desc"":""Single-player Game"",""factors"":{""playerCount"":1}}],""count"":1}}",2025-01-12T03:08:51.365306007+01:00,,,true,2025-01-12T03:08:51.384780285+01:00,"{""name"":""Default shared ignore"",""kind"":""shared"",""duration"":300000000000,""strategy"":""ignore""}",2025-01-12T03:08:51.365306007+01:00,terminated,2025-01-12T03:09:43.925656963+01:00
01JHC4F0T6NY4RYHSQYT0S3AEC,"{""kind"":""simple"",""config"":{""treatments"":[{""name"":""Two Players"",""desc"":""Two-player Game"",""factors"":{""playerCount"":2}},{""name"":""Solo"",""desc"":""Single-player Game"",""factors"":{""playerCount"":1}}],""count"":1}}",2025-01-12T03:11:09.254478989+01:00,all games finished,2025-01-12T03:11:50.402581547+01:00,true,2025-01-12T03:11:09.276017291+01:00,"{""name"":""Default shared ignore"",""kind"":""shared"",""duration"":300000000000,""strategy"":""ignore""}",2025-01-12T03:11:09.254478989+01:00,ended,2025-01-12T03:11:50.402581547+01:00
01JHFJ1N66XCV9FFTE6FABJMA1,"{""kind"":""simple"",""config"":{""treatments"":[{""name"":""Two Players"",""desc"":""Two-player Game"",""factors"":{""playerCount"":2}},{""name"":""Solo"",""desc"":""Single-player Game"",""factors"":{""playerCount"":1}}],""count"":1}}",2025-01-13T11:06:14.72650185+01:00,,,true,2025-01-13T11:06:14.746948391+01:00,"{""name"":""Default shared ignore"",""kind"":""shared"",""duration"":300000000000,""strategy"":""ignore""}",2025-01-13T11:06:14.72650185+01:00,running,2025-01-13T11:06:20.596602882+01:00
01JHBTJRKERT0ZFV7WEK61FSMK,"{""kind"":""simple"",""config"":{""treatments"":[{""name"":""Two Players"",""desc"":""Two-player Game"",""factors"":{""playerCount"":2}},{""name"":""Solo"",""desc"":""Single-player Game"",""factors"":{""playerCount"":1}}],""count"":1}}",2025-01-12T00:18:26.158500536+01:00,,,true,2025-01-12T00:18:26.179186823+01:00,"{""name"":""Default shared ignore"",""kind"":""shared"",""duration"":300000000000,""strategy"":""ignore""}",2025-01-12T00:18:26.158500536+01:00,terminated,2025-01-12T02:10:59.421380214+01:00
01JHC11EDS4YHWWJY7Q6TYP7FH,"{""kind"":""simple"",""config"":{""treatments"":[{""name"":""Two Players"",""desc"":""Two-player Game"",""factors"":{""playerCount"":2}},{""name"":""Solo"",""desc"":""Single-player Game"",""factors"":{""playerCount"":1}}],""count"":1}}",2025-01-12T02:11:18.713847667+01:00,,,true,2025-01-12T02:11:18.731789907+01:00,"{""name"":""Default shared ignore"",""kind"":""shared"",""duration"":300000000000,""strategy"":""ignore""}",2025-01-12T02:11:18.713847667+01:00,terminated,2025-01-12T03:07:48.449403783+01:00
