id,actualPlayerCount,actualPlayerCountLastChangedAt,batchID,batchIDLastChangedAt,ended,endedLastChangedAt,endedReason,endedReasonLastChangedAt,groupID,groupIDLastChangedAt,lobbyTimerID,lobbyTimerIDLastChangedAt,roundIndex,roundIndexLastChangedAt,stageID,stageIDLastChangedAt,start,startLastChangedAt,starting,startingLastChangedAt,status,statusLastChangedAt,treatment,treatmentLastChangedAt,treatmentName,treatmentNameLastChangedAt
01JHBTJRM2WBNMG5F69B722KBW,,,01JHBTJRKERT0ZFV7WEK61FSMK,2025-01-12T00:18:26.178410916+01:00,false,2025-01-12T00:18:26.178410916+01:00,batch ended,2025-01-12T02:10:59.435494735+01:00,01JHBTJRMJ54Q98CAT3X1BFCT7,2025-01-12T00:18:26.198251171+01:00,,,,,,,false,2025-01-12T00:18:26.178410916+01:00,,,terminated,2025-01-12T02:10:59.435494735+01:00,"{""playerCount"":2}",2025-01-12T00:18:26.178410916+01:00,Two Players,2025-01-12T00:18:26.178410916+01:00
01JHC11EECG5QWSQ94K4JF7W3Z,2,2025-01-12T03:07:19.843870433+01:00,01JHC11EDS4YHWWJY7Q6TYP7FH,2025-01-12T02:11:18.732200179+01:00,true,2025-01-12T03:07:48.52054232+01:00,batch ended,2025-01-12T03:07:48.453031235+01:00,01JHC11EERJM994K22GGMZNRV6,2025-01-12T02:11:18.745961731+01:00,01JHC45X6N2GFZGYKMQ2Z7967X,2025-01-12T03:06:10.662725761+01:00,1,2025-01-12T03:07:19.858385918+01:00,null,2025-01-12T03:07:48.52054232+01:00,true,2025-01-12T03:07:19.843870433+01:00,true,2025-01-12T03:07:19.843870433+01:00,terminated,2025-01-12T03:07:48.453031235+01:00,"{""playerCount"":2}",2025-01-12T02:11:18.732200179+01:00,Two Players,2025-01-12T02:11:18.732200179+01:00
01JHC4AT5STPKXRVA595Z133VG,,,01JHC4AT557QD7EDNVYVHWGE19,2025-01-12T03:08:51.385283554+01:00,false,2025-01-12T03:08:51.385283554+01:00,batch ended,2025-01-12T03:09:43.929352101+01:00,01JHC4AT633MYTC46FEVCGYFQ0,2025-01-12T03:08:51.396827151+01:00,,,,,,,false,2025-01-12T03:08:51.385283554+01:00,,,terminated,2025-01-12T03:09:43.929352101+01:00,"{""playerCount"":2}",2025-01-12T03:08:51.385283554+01:00,Two Players,2025-01-12T03:08:51.385283554+01:00
01JHC4F0TVSYF6BNDFPD283AKC,1,2025-01-12T03:11:42.583916029+01:00,01JHC4F0T6NY4RYHSQYT0S3AEC,2025-01-12T03:11:09.275891754+01:00,true,2025-01-12T03:11:50.387400233+01:00,end of game,2025-01-12T03:11:50.399779723+01:00,01JHC4F0V8FH3ES45FSQ8G3Q91,2025-01-12T03:11:09.290010192+01:00,01JHC4G1BXDXG71Q6GF4NB4RK4,2025-01-12T03:11:42.593844988+01:00,1,2025-01-12T03:11:42.603255338+01:00,null,2025-01-12T03:11:50.387400233+01:00,true,2025-01-12T03:11:42.583916029+01:00,true,2025-01-12T03:11:42.583916029+01:00,ended,2025-01-12T03:11:50.399779723+01:00,"{""playerCount"":1}",2025-01-12T03:11:09.275891754+01:00,Solo,2025-01-12T03:11:09.275891754+01:00
01JHFJ1N6TGT9W4WVF1TBAJHTY,1,2025-01-13T11:20:46.947785755+01:00,01JHFJ1N66XCV9FFTE6FABJMA1,2025-01-13T11:06:14.746648707+01:00,false,2025-01-13T11:06:14.746648707+01:00,,,01JHFJ1N7CNTEJ28H1S76CGKYB,2025-01-13T11:06:14.767164965+01:00,01JHFJKSYBTQXPGETQWP2EZQBY,2025-01-13T11:16:09.428709008+01:00,1,2025-01-13T11:20:46.968143648+01:00,01JHFJW905A5YJD9CS2KE8NB7R,2025-01-13T11:27:14.366655571+01:00,true,2025-01-13T11:20:46.947785755+01:00,,,running,2025-01-13T11:20:46.984637109+01:00,"{""playerCount"":2}",2025-01-13T11:06:14.746648707+01:00,Two Players,2025-01-13T11:06:14.746648707+01:00
