id,batchID,batchIDLastChangedAt,gameID,gameIDLastChangedAt,playerID,playerIDLastChangedAt
01JHC480SC3A51DQ6W6K1441SP,01JHC11EDS4YHWWJY7Q6TYP7FH,2025-01-12T03:07:19.852037642+01:00,01JHC11EECG5QWSQ94K4JF7W3Z,2025-01-12T03:07:19.852037642+01:00,01JHC14CEGQWABW2ZR0PPT1G7X,2025-01-12T03:07:19.852037642+01:00
01JHC480SC3A51DQ6W6R2V7B0D,01JHC11EDS4YHWWJY7Q6TYP7FH,2025-01-12T03:07:19.852085051+01:00,01JHC11EECG5QWSQ94K4JF7W3Z,2025-01-12T03:07:19.852085051+01:00,01JHC3Q9WM09HPAR6CEHVD06GS,2025-01-12T03:07:19.852085051+01:00
01JHC4G1C62BSK3D259SW6QZK9,01JHC4F0T6NY4RYHSQYT0S3AEC,2025-01-12T03:11:42.59811613+01:00,01JHC4F0TVSYF6BNDFPD283AKC,2025-01-12T03:11:42.59811613+01:00,01JHC4FANFKNHV1A8HW4XX1AP5,2025-01-12T03:11:42.59811613+01:00
01JHFJW8ZBGE8Q2F5FQFD6XYSM,01JHFJ1N66XCV9FFTE6FABJMA1,2025-01-13T11:20:46.955658452+01:00,01JHFJ1N6TGT9W4WVF1TBAJHTY,2025-01-13T11:20:46.955658452+01:00,01JHFJ26N378009N1VJJ0DHDN8,2025-01-13T11:20:46.955658452+01:00
