id,batchID,batchIDLastChangedAt,gameID,gameIDLastChangedAt,guess,guessLastChangedAt,playerID,playerIDLastChangedAt,roundID,roundIDLastChangedAt,score,scoreLastChangedAt
01JHC480VC8PQX3HGFVK36RNBB,01JHC11EDS4YHWWJY7Q6TYP7FH,2025-01-12T03:07:19.916149487+01:00,01JHC11EECG5QWSQ94K4JF7W3Z,2025-01-12T03:07:19.916149487+01:00,,,01JHC14CEGQWABW2ZR0PPT1G7X,2025-01-12T03:07:19.916149487+01:00,01JHC480SHT9JE1WDNX96JB929,2025-01-12T03:07:19.916149487+01:00,0,2025-01-12T03:07:48.514847934+01:00
01JHC480VC8PQX3HGFVVCW366V,01JHC11EDS4YHWWJY7Q6TYP7FH,2025-01-12T03:07:19.916330429+01:00,01JHC11EECG5QWSQ94K4JF7W3Z,2025-01-12T03:07:19.916330429+01:00,,,01JHC3Q9WM09HPAR6CEHVD06GS,2025-01-12T03:07:19.916330429+01:00,01JHC480SHT9JE1WDNX96JB929,2025-01-12T03:07:19.916330429+01:00,0,2025-01-12T03:07:48.514847934+01:00
01JHC4G1E2WXK53YF79977BBJR,01JHC4F0T6NY4RYHSQYT0S3AEC,2025-01-12T03:11:42.65860983+01:00,01JHC4F0TVSYF6BNDFPD283AKC,2025-01-12T03:11:42.65860983+01:00,951,2025-01-12T03:11:45.033186168+01:00,01JHC4FANFKNHV1A8HW4XX1AP5,2025-01-12T03:11:42.65860983+01:00,01JHC4G1CA858VZCVJDKG0ETB0,2025-01-12T03:11:42.65860983+01:00,5,2025-01-12T03:11:46.62274997+01:00
01JHC4G7CFN4NA0VHW6BC7ECSA,01JHC4F0T6NY4RYHSQYT0S3AEC,2025-01-12T03:11:48.751475739+01:00,01JHC4F0TVSYF6BNDFPD283AKC,2025-01-12T03:11:48.751475739+01:00,,,01JHC4FANFKNHV1A8HW4XX1AP5,2025-01-12T03:11:48.751475739+01:00,01JHC4G1CB3V8C5T656HR619MW,2025-01-12T03:11:48.751475739+01:00,,
01JHFJW93M8HZXHDEP080P6MFN,01JHFJ1N66XCV9FFTE6FABJMA1,2025-01-13T11:20:47.092242204+01:00,01JHFJ1N6TGT9W4WVF1TBAJHTY,2025-01-13T11:20:47.092242204+01:00,,,01JHFJ26N378009N1VJJ0DHDN8,2025-01-13T11:20:47.092242204+01:00,01JHFJW8ZQ3YGF10VQR145N320,2025-01-13T11:20:47.092242204+01:00,0,2025-01-13T11:25:22.253108305+01:00
01JHFK83A5GNRKZKSF93BT9DDD,01JHFJ1N66XCV9FFTE6FABJMA1,2025-01-13T11:27:14.373542841+01:00,01JHFJ1N6TGT9W4WVF1TBAJHTY,2025-01-13T11:27:14.373542841+01:00,,,01JHFJ26N378009N1VJJ0DHDN8,2025-01-13T11:27:14.373542841+01:00,01JHFJW8ZR88370QTW0420XBCA,2025-01-13T11:27:14.373542841+01:00,,
