id,batchID,batchIDLastChangedAt,gameID,gameIDLastChangedAt,playerID,playerIDLastChangedAt,roundID,roundIDLastChangedAt,stageID,stageIDLastChangedAt,submit,submitLastChangedAt
01JHFJW94SZVAZ7A3PEJKG9ZV4,01JHFJ1N66XCV9FFTE6FABJMA1,2025-01-13T11:20:47.129144604+01:00,01JHFJ1N6TGT9W4WVF1TBAJHTY,2025-01-13T11:20:47.129144604+01:00,01JHFJ26N378009N1VJJ0DHDN8,2025-01-13T11:20:47.129144604+01:00,01JHFJW8ZQ3YGF10VQR145N320,2025-01-13T11:20:47.129144604+01:00,01JHFJW8ZZPJ0R4QER4XP7C3Z5,2025-01-13T11:20:47.129144604+01:00,,
01JHFK4NTT51QQ4E97WSH50R6S,01JHFJ1N66XCV9FFTE6FABJMA1,2025-01-13T11:25:22.266055104+01:00,01JHFJ1N6TGT9W4WVF1TBAJHTY,2025-01-13T11:25:22.266055104+01:00,01JHFJ26N378009N1VJJ0DHDN8,2025-01-13T11:25:22.266055104+01:00,01JHFJW8ZQ3YGF10VQR145N320,2025-01-13T11:25:22.266055104+01:00,01JHFJW8ZZPJ0R4QER5FWJ1SMK,2025-01-13T11:25:22.266055104+01:00,,
01JHFK83AFV05YW32ZBXY8ADHR,01JHFJ1N66XCV9FFTE6FABJMA1,2025-01-13T11:27:14.383266683+01:00,01JHFJ1N6TGT9W4WVF1TBAJHTY,2025-01-13T11:27:14.383266683+01:00,01JHFJ26N378009N1VJJ0DHDN8,2025-01-13T11:27:14.383266683+01:00,01JHFJW8ZR88370QTW0420XBCA,2025-01-13T11:27:14.383266683+01:00,01JHFJW905A5YJD9CS2KE8NB7R,2025-01-13T11:27:14.383266683+01:00,,
01JHC480VRWQWMG7D8RQPTJQYM,01JHC11EDS4YHWWJY7Q6TYP7FH,2025-01-12T03:07:19.928734731+01:00,01JHC11EECG5QWSQ94K4JF7W3Z,2025-01-12T03:07:19.928734731+01:00,01JHC3Q9WM09HPAR6CEHVD06GS,2025-01-12T03:07:19.928734731+01:00,01JHC480SHT9JE1WDNX96JB929,2025-01-12T03:07:19.928734731+01:00,01JHC480SRRDNPNCRD33K4YMJK,2025-01-12T03:07:19.928734731+01:00,,
01JHC480VRWQWMG7D8S8A2W8AV,01JHC11EDS4YHWWJY7Q6TYP7FH,2025-01-12T03:07:19.928837115+01:00,01JHC11EECG5QWSQ94K4JF7W3Z,2025-01-12T03:07:19.928837115+01:00,01JHC14CEGQWABW2ZR0PPT1G7X,2025-01-12T03:07:19.928837115+01:00,01JHC480SHT9JE1WDNX96JB929,2025-01-12T03:07:19.928837115+01:00,01JHC480SRRDNPNCRD33K4YMJK,2025-01-12T03:07:19.928837115+01:00,,
01JHC4G1ECYY067YX63H9H60RD,01JHC4F0T6NY4RYHSQYT0S3AEC,2025-01-12T03:11:42.668540824+01:00,01JHC4F0TVSYF6BNDFPD283AKC,2025-01-12T03:11:42.668540824+01:00,01JHC4FANFKNHV1A8HW4XX1AP5,2025-01-12T03:11:42.668540824+01:00,01JHC4G1CA858VZCVJDKG0ETB0,2025-01-12T03:11:42.668540824+01:00,01JHC4G1CHD1T3CAZKTAA34KMD,2025-01-12T03:11:42.668540824+01:00,true,2025-01-12T03:11:46.613934184+01:00
01JHC4G5A52MGA5QKW8KB69HQT,01JHC4F0T6NY4RYHSQYT0S3AEC,2025-01-12T03:11:46.629567885+01:00,01JHC4F0TVSYF6BNDFPD283AKC,2025-01-12T03:11:46.629567885+01:00,01JHC4FANFKNHV1A8HW4XX1AP5,2025-01-12T03:11:46.629567885+01:00,01JHC4G1CA858VZCVJDKG0ETB0,2025-01-12T03:11:46.629567885+01:00,01JHC4G1CHD1T3CAZKV0YYNKPD,2025-01-12T03:11:46.629567885+01:00,true,2025-01-12T03:11:48.734330711+01:00
01JHC4G7CQBCSR9S7F45PV7K8Y,01JHC4F0T6NY4RYHSQYT0S3AEC,2025-01-12T03:11:48.759156861+01:00,01JHC4F0TVSYF6BNDFPD283AKC,2025-01-12T03:11:48.759156861+01:00,01JHC4FANFKNHV1A8HW4XX1AP5,2025-01-12T03:11:48.759156861+01:00,01JHC4G1CB3V8C5T656HR619MW,2025-01-12T03:11:48.759156861+01:00,01JHC4G1CNW3GF4JYSB3NCM8J3,2025-01-12T03:11:48.759156861+01:00,true,2025-01-12T03:11:50.354447053+01:00
